晚報：安邦集團原董事長吳小暉被起訴，涉集資詐騙、職務侵佔等商業罪行,2018-02-23
早報：國際特赦組織指港府起訴和平示威者、《國歌法》可定罪均釀寒蟬效應,2018-02-23
晚報：特朗普接見校園槍擊倖存者，提議讓教師配槍應付槍擊案「瘋子」,2018-02-22
早報：美國著名基督教佈道家葛培理逝世，終年99歲,2018-02-22
晚報：美方稱副總統彭斯原定冬奧期間會晤北韓代表團，但北韓臨時失約,2018-02-21
早報：敘利亞親政府武裝開進北部阿夫林，揚言反擊土耳其軍事行動,2018-02-21
晚報：美澳印日擬推區域聯合基礎建設計劃，被指為抗衡中國「一帶一路」,2018-02-20
早報：梵蒂岡或將最快於3月份與中國簽署主教任命協議,2018-02-20
晚報：佛羅里達校園槍擊案，19歲疑犯去年因操行被退學、近一年未應精神病覆診,2018-02-15
早報：佛羅里達州發生高中校園槍擊案，至少17人死、19歲學校舊生被捕,2018-02-15
晚報：NHK指中央政治局前常委周永康洩密，觸發金正恩處決姑丈、刺殺兄長,2018-02-14
早報：曾主管網信辦而號稱「網路沙皇」，中共宣傳部原副部長魯煒涉嚴重違紀被「雙開」,2018-02-14
晚報：前重慶市委書記孫政才涉貪被起訴，控罪暗示其涉整個仕途受賄,2018-02-13
早報：「金日成」隨北韓啦啦隊現身冬奧？南韓政府澄清未息右翼團體不滿,2018-02-13
晚報：被教廷要求讓位後首次接受專訪，大陸合法主教郭希錦稱只能服從,2018-02-12
早報：北韓代表團結束南韓行程，金正恩透過胞妹邀請文在寅訪問平壤,2018-02-12
早報：香港發生嚴重巴士車禍致19人死亡、車長涉危險駕駛被捕,2018-02-11
晚報：美國聯邦政府今年內第二度停擺，能否迅速復工還看眾議院,2018-02-09
早報：敘利亞政權持續空襲首都市郊，另譴責美軍「屠殺」百名親政權武裝,2018-02-09
晚報：平昌冬奧前夕，南韓指北韓今早「低調」舉行大型閱兵儀式,2018-02-08
早報：德國聯盟黨及社民黨就籌組大聯合政府達成協議，有望結束政治僵局,2018-02-08
晚報：花蓮地震增至6人死亡，雲門翠堤大樓傾幅60度、搜救被迫暫停,2018-02-07
早報：SpaceX 用三枚獵鷹9號火箭將一輛 Tesla 紅色跑車送入太空繞太陽飛行,2018-02-07
晚報：終院裁定「公民廣場案」三子上訴得直，指上訴庭指引正確、但不應追溯至本案,2018-02-06
